{
    "TRYB-TRYB": [
        6639.983568,
        6658.399969
    ],
    "wLUNA_v1-renLUNA": [
        0.103228022,
        1926.459443202
    ],
    "wDAI_v1-USDC": [
        1420.957953618,
        9.097128083
    ],
    "stSOL-mSOL": [
        0.004049096,
        0.003469814
    ],
    "wUST_v1-USDC": [
        1086.088727849,
        29188.008162132
    ],
    "USDC-acUSDC": [
        1034.514418918,
        1852.876890287
    ],
    "apUSDT-USDT": [
        51494.884014,
        48888.222378
    ],
    "ETH-aeWETH": [
        2.892354705,
        5.906434703
    ],
    "aSOL-SOL": [
        239.283257913,
        1845.139882944
    ],
    "ahUSDT-USDC": [
        310.78411285,
        36.135865707
    ],
    "apUSDC-USDC": [
        14890.744142,
        13999.981056
    ],
    "pBTC-renBTC": [
        0.80171613,
        0.31907696
    ],
    "PAI-USDC": [
        9816.756283,
        29951.535213
    ],
    "wibBTC_V1-renBTC": [
        0.053202288,
        0.0693898
    ],
    "wibBTC-renBTC": [
        0.00025015,
        0.02479822
    ],
    "calUSD-USDC": [
        1337.213326346,
        1040.612474076
    ],
    "xSOL-SOL": [
        136.752992473,
        0.339692306
    ],
    "EUROe-EURC": [
        182.411212,
        129.423171
    ],
    "wBUSD_v1-USDC": [
        1048.126824897,
        1825.784904813
    ],
    "BTC-renBTC": [
        1.85337862,
        20.75623305
    ],
    "xFTT-FTT": [
        881.07313826,
        954.12198826
    ],
    "abUSDC-USDC": [
        3483.228103241,
        2763.455488133
    ],
    "abBTCB-renBTC": [
        7.35e-7,
        0.000143981
    ],
    "abBUSD-USDC": [
        6138.60807842,
        5579.871015624
    ],
    "abETH-ETH": [
        0.57514611,
        1.230810645
    ],
    "abUSDT-USDT": [
        1660.224470203,
        1351.976118438
    ],
    "HBTC-renBTC": [
        0.00200404,
        0.10372669
    ],
    "USDCbs-USDC": [
        103.52788929,
        45.10248812
    ],
    "BUSDbs-USDC": [
        8143.97759712,
        7241.63498374
    ],
    "USDTbs-USDT": [
        94.39888064,
        104.08051635
    ],
    "SOL-vSOL": [
        2029.973122147,
        601.489689317
    ],
    "CUSD-USDC": [
        843.760286,
        123.446275
    ],
    "CASH-USDC": [
        553590583.318782,
        12354.384223
    ],
    "NIRV-USDC": [
        40660.202222,
        62.837112
    ],
    "UST-CASH": [
        4071.453994,
        159182173.089354
    ],
    "PAI-CASH": [
        13.459168,
        522841.673393
    ],
    "acUSD-CASH": [
        68.280068588,
        2469535.136129813
    ],
    "BUSDet-USDC": [
        139.55564771,
        669.70255824
    ],
    "UXD-CASH": [
        4.459515,
        182166.503922
    ],
    "aeDAI-USDC": [
        2003.13669301,
        1005.461774993
    ],
    "daoSOL-SOL": [
        53.028965894,
        213.588356435
    ],
    "USDC-fUSD": [
        64.60846917,
        14262894.69408279
    ],
    "MAI-USDC": [
        33431.118305255,
        34536.813309918
    ],
    "scnSOL-mSOL": [
        0.129396686,
        0.189069008
    ],
    "wHBTC_v1-renBTC": [
        0.000361795,
        6.24e-7
    ],
    "atLUNA-LUNA": [
        151352.637134643,
        132127.077776737
    ],
    "SOL-zSOL": [
        36.313928013,
        398.392784496
    ],
    "aeFEI-UST": [
        18.486791473,
        2054.338990624
    ],
    "aeFEI-CASH": [
        2.694444831,
        1510437.323541953
    ],
    "USDC-SECRET": [
        0.835518,
        1.185591
    ],
    "acEUR-agEUR": [
        7755.953198551,
        7609.732192423
    ],
    "scnSOL-SOL": [
        164.00327137,
        1451.971239123
    ],
    "afETH-ETH": [
        0.109270773,
        0.000843306
    ],
    "afBTC-renBTC": [
        0.085576776,
        0.000780883
    ],
    "afUSDC-USDC": [
        1596.251633879,
        12.182659653
    ],
    "afDAI-USDC": [
        968.997994514,
        10.584586908
    ],
    "USDCet-USDC": [
        10098.457045,
        22427.350965
    ],
    "ahBTC-renBTC": [
        0.000864183,
        0.001454605
    ],
    "MDS-USDC": [
        16.367069399,
        22.699871942
    ],
    "USH-USDC": [
        44492.534682463,
        3816.667642986
    ],
    "prtSOL-SOL": [
        596.120027729,
        4505.770221135
    ],
    "HUSD-USDC": [
        4800.95407512,
        11.35894865
    ],
    "USN-USDC": [
        2649.352272173,
        340.816882123
    ],
    "xETH-ETH": [
        3.149311313,
        0.085007198
    ],
    "LUNA-renLUNA": [
        60869.07812,
        1375165.682168
    ],
    "JSOL-SOL": [
        16.896537766,
        172.446208883
    ],
    "UXD-USDC": [
        1037575.510752,
        1031034.981315
    ],
    "NIRV-USDT": [
        133.873985,
        0.205797
    ],
    "aaUSDC-USDC": [
        5296.664620946,
        2277.325548936
    ],
    "xLUNA-LUNA": [
        813.444679,
        657918.583001
    ],
    "UST-USDC": [
        283297.043934,
        475.707118
    ],
    "solUST-UST": [
        128535.179917,
        3151.079491
    ],
    "FRAX-USDC": [
        1465.31726988,
        1624.71461287
    ],
    "mSOL-SOL": [
        6290.336829901,
        53327.352775366
    ],
    "pUSDT-pUSDC": [
        2067.354602,
        2518.101457
    ],
    "stSOL-SOL": [
        919.804592724,
        7675.048974583
    ],
    "USDH-CASH": [
        17.613292,
        874605.190139
    ],
    "USDH-UST": [
        0.089583,
        25.446879
    ],
    "USDH-USDC": [
        294021.398147,
        19227.988306
    ],
    "USDCpo-USDC": [
        4142.873619,
        3980.967956
    ],
    "USDTpo-USDT": [
        24867.070297,
        20833.629295
    ],
    "aeMIM-UST": [
        25.127669073,
        7733.515952978
    ],
    "aeMIM-CASH": [
        1.476600053,
        1066036.453143437
    ],
    "wHUSD_v1-USDC": [
        2195.52691338,
        1940.98936912
    ],
    "acUSD-USDC": [
        35822.452888504,
        28619.487481452
    ],
    "xBTC-renBTC": [
        0.2507724853,
        0.6546741169
    ],
    "xUSD-USDC": [
        38312.800455,
        2088.308421
    ],
    "wUSDK_V1-USDC": [
        8348.26878967,
        794.774552451
    ],
    "USDK-USDC": [
        2174.94484804,
        3721.68902272
    ],
    "pSOL-prtSOL": [
        1108.342457126,
        135.100769728
    ],
    "DAI-USDC": [
        106805.81319229,
        77639.47745452
    ],
    "solUST-USDH": [
        6488.473427,
        15.688123
    ],
    "cSOL-cmSOL": [
        11.68564613,
        3.071216099
    ],
    "cUSDC-cUSDT": [
        6061.964494,
        2626.258511
    ],
    "soFTT-FTT": [
        53.66477409,
        1.12645787
    ],
    "FRAX-UST": [
        350.27520416,
        116786.34452866
    ],
    "aaWBTC-renBTC": [
        0.00113424,
        0.183358388
    ],
    "wibBTC_V1-BTC": [
        0.00043681,
        0.000671227
    ],
    "wFTT_v1-soFTT": [
        195.50933547,
        9555.119181813
    ],
    "aaUSDT-USDT": [
        3928.119836659,
        1646.047021368
    ],
    "eSOL-SOL": [
        54.990386521,
        3.699468557
    ],
    "USDH-USDCet": [
        0.01736,
        0.003106
    ],
    "NIRV-UST": [
        136244.362721,
        8633.167924
    ],
    "scnSOL-JSOL": [
        1.900777454,
        3.197779247
    ],
    "mSOL-JSOL": [
        11.977064644,
        15.029001966
    ],
    "aaDAI-USDC": [
        154.072827396,
        252.658999332
    ],
    "SRMet-SRM": [
        16627.054486,
        5283.551212
    ],
    "SOL-bSOL": [
        1996.112115932,
        325.431828057
    ],
    "NIRV-USDH": [
        726.275596,
        1.139887
    ],
    "aeUSDT-USDT": [
        175.2309305,
        77.443044301
    ],
    "wSRM_V1-SRM": [
        2998.681215,
        82187.36544
    ],
    "aeFTT-FTT": [
        76.93236406,
        1453.209806895
    ],
    "USDTet-USDT": [
        29890.411023,
        31327.206814
    ],